"Longitude (x)","Latitude (y)","Station Name","Climate ID","Date/Time","Year","Month","Day","Data Quality","Max Temp (°C)","Max Temp Flag","Min Temp (°C)","Min Temp Flag","Mean Temp (°C)","Mean Temp Flag","Heat Deg Days (°C)","Heat Deg Days Flag","Cool Deg Days (°C)","Cool Deg Days Flag","Total Rain (mm)","Total Rain Flag","Total Snow (cm)","Total Snow Flag","Total Precip (mm)","Total Precip Flag","Snow on Grnd (cm)","Snow on Grnd Flag","Dir of Max Gust (10s deg)","Dir of Max Gust Flag","Spd of Max Gust (km/h)","Spd of Max Gust Flag"
"-112.82","53.05","CAMROSE","3011240","2019-01-01","2019","01","01","","3.3","","-13.9","","-5.3","","23.3","","0.0","","","","","","0.8","","16","","28","","38",""
"-112.82","53.05","CAMROSE","3011240","2019-01-02","2019","01","02","","6.4","","-1.6","","2.4","","15.6","","0.0","","","","","","0.0","","15","","","","",""
"-112.82","53.05","CAMROSE","3011240","2019-01-03","2019","01","03","","4.3","","-4.6","","-0.1","","18.1","","0.0","","","","","","0.0","","13","","","","",""
"-112.82","53.05","CAMROSE","3011240","2019-01-04","2019","01","04","","-1.5","","-8.4","","-4.9","","22.9","","0.0","","","","","","0.0","","13","","","","",""
"-112.82","53.05","CAMROSE","3011240","2019-01-05","2019","01","05","","-4.0","","-5.6","","-4.8","","22.8","","0.0","","","","","","0.0","","13","","13","","43",""
"-112.82","53.05","CAMROSE","3011240","2019-01-06","2019","01","06","","-3.9","","-6.1","","-5.0","","23.0","","0.0","","","","","","0.0","","13","","12","","37",""
"-112.82","53.05","CAMROSE","3011240","2019-01-07","2019","01","07","","-5.9","","-18.6","","-12.2","","30.2","","0.0","","","","","","0.4","","14","","32","","37",""
"-112.82","53.05","CAMROSE","3011240","2019-01-08","2019","01","08","","-12.6","","-22.1","","-17.3","","35.3","","0.0","","","","","","0.2","","14","","","","",""
"-112.82","53.05","CAMROSE","3011240","2019-01-09","2019","01","09","","-10.9","","-14.6","","-12.7","","30.7","","0.0","","","","","","0.0","","14","","12","","40",""
"-112.82","53.05","CAMROSE","3011240","2019-01-10","2019","01","10","","-9.9","","-18.3","","-14.1","","32.1","","0.0","","","","","","0.0","","14","","","","",""
"-112.82","53.05","CAMROSE","3011240","2019-01-11","2019","01","11","","-6.5","","-16.5","","-11.5","","29.5","","0.0","","","","","","0.0","","14","","","","",""
"-112.82","53.05","CAMROSE","3011240","2019-01-12","2019","01","12","","2.8","","-11.8","","-4.5","","22.5","","0.0","","","","","","0.0","","13","","","","",""
"-112.82","53.05","CAMROSE","3011240","2019-01-13","2019","01","13","","-2.6","","-14.5","","-8.6","","26.6","","0.0","","","","","","0.0","","13","","","","",""
"-112.82","53.05","CAMROSE","3011240","2019-01-14","2019","01","14","","2.8","","-13.9","","-5.6","","23.6","","0.0","","","","","","0.0","","13","","","","",""
"-112.82","53.05","CAMROSE","3011240","2019-01-15","2019","01","15","","-3.4","","-12.1","","-7.7","","25.7","","0.0","","","","","","0.0","","14","","","","",""
"-112.82","53.05","CAMROSE","3011240","2019-01-16","2019","01","16","","-11.1","","-16.7","","-13.9","","31.9","","0.0","","","","","","0.0","","14","","","","",""
"-112.82","53.05","CAMROSE","3011240","2019-01-17","2019","01","17","","-16.7","","-20.7","","-18.7","","36.7","","0.0","","","","","","0.0","","14","","10","","31",""
"-112.82","53.05","CAMROSE","3011240","2019-01-18","2019","01","18","","-15.3","","-17.9","","-16.6","","34.6","","0.0","","","","","","0.4","","17","","13","","32",""
"-112.82","53.05","CAMROSE","3011240","2019-01-19","2019","01","19","","-13.3","","-17.0","","-15.2","","33.2","","0.0","","","","","","0.0","","16","","11","","41",""
"-112.82","53.05","CAMROSE","3011240","2019-01-20","2019","01","20","","-0.2","","-14.3","","-7.3","","25.3","","0.0","","","","","","0.2","","14","","","","",""
"-112.82","53.05","CAMROSE","3011240","2019-01-21","2019","01","21","","-1.7","","-13.3","","-7.5","","25.5","","0.0","","","","","","0.0","","14","","","","",""
"-112.82","53.05","CAMROSE","3011240","2019-01-22","2019","01","22","","-0.2","","-14.2","","-7.2","","25.2","","0.0","","","","","","0.0","","14","","","","",""
"-112.82","53.05","CAMROSE","3011240","2019-01-23","2019","01","23","","-2.2","","-22.0","","-12.1","","30.1","","0.0","","","","","","0.0","","14","","35","","41",""
"-112.82","53.05","CAMROSE","3011240","2019-01-24","2019","01","24","","0.1","","-22.6","","-11.2","","29.2","","0.0","","","","","","0.2","","14","","31","","38",""
"-112.82","53.05","CAMROSE","3011240","2019-01-25","2019","01","25","","","M","","M","","M","","M","","M","","","","","","M","14","","","M","","M"
"-112.82","53.05","CAMROSE","3011240","2019-01-26","2019","01","26","","6.0","","0.3","","3.2","","14.8","","0.0","","","","","","0.6","","15","","","","",""
"-112.82","53.05","CAMROSE","3011240","2019-01-27","2019","01","27","","7.8","","-4.1","","1.9","","16.1","","0.0","","","","","","0.2","","12","","31","","65",""
"-112.82","53.05","CAMROSE","3011240","2019-01-28","2019","01","28","","-3.7","","-16.5","","-10.1","","28.1","","0.0","","","","","","0.3","","11","","1","","34",""
"-112.82","53.05","CAMROSE","3011240","2019-01-29","2019","01","29","","-10.6","","-19.7","","-15.2","","33.2","","0.0","","","","","","0.0","","11","","","","",""
"-112.82","53.05","CAMROSE","3011240","2019-01-30","2019","01","30","","2.2","","-13.9","","-5.9","","23.9","","0.0","","","","","","2.5","","11","","","","",""
"-112.82","53.05","CAMROSE","3011240","2019-01-31","2019","01","31","","3.3","","-11.3","","-4.0","","22.0","","0.0","","","","","","1.0","","13","","3","","39",""
"-112.82","53.05","CAMROSE","3011240","2019-02-01","2019","02","01","","-11.3","","-21.3","","-16.3","","34.3","","0.0","","","","","","5.8","","12","","1","","39",""
"-112.82","53.05","CAMROSE","3011240","2019-02-02","2019","02","02","","-21.1","","-25.6","","-23.4","","41.4","","0.0","","","","","","0.4","","19","","13","","35",""
"-112.82","53.05","CAMROSE","3011240","2019-02-03","2019","02","03","","-25.6","","-28.9","","-27.3","","45.3","","0.0","","","","","","0.4","","18","","34","","35",""
"-112.82","53.05","CAMROSE","3011240","2019-02-04","2019","02","04","","-24.4","","-38.6","","-31.5","","49.5","","0.0","","","","","","1.8","","19","","","","",""
"-112.82","53.05","CAMROSE","3011240","2019-02-05","2019","02","05","","-24.6","","-43.2","","-33.9","","51.9","","0.0","","","","","","0.0","","20","","","","",""
"-112.82","53.05","CAMROSE","3011240","2019-02-06","2019","02","06","","-22.5","","-31.8","","-27.1","","45.1","","0.0","","","","","","0.0","","20","","","","",""
"-112.82","53.05","CAMROSE","3011240","2019-02-07","2019","02","07","","-19.1","","-31.8","","-25.5","","43.5","","0.0","","","","","","0.0","","20","","","","",""
"-112.82","53.05","CAMROSE","3011240","2019-02-08","2019","02","08","","-19.5","","-29.2","","-24.3","","42.3","","0.0","","","","","","0.2","","20","","33","","33",""
"-112.82","53.05","CAMROSE","3011240","2019-02-09","2019","02","09","","-22.8","","-32.9","","-27.8","","45.8","","0.0","","","","","","0.2","","22","","","","",""
"-112.82","53.05","CAMROSE","3011240","2019-02-10","2019","02","10","","-22.3","","-32.3","","-27.3","","45.3","","0.0","","","","","","0.2","","22","","","","",""
"-112.82","53.05","CAMROSE","3011240","2019-02-11","2019","02","11","","-21.0","","-27.8","","-24.4","","42.4","","0.0","","","","","","1.8","","23","","","","",""
"-112.82","53.05","CAMROSE","3011240","2019-02-12","2019","02","12","","-19.6","","-33.8","","-26.7","","44.7","","0.0","","","","","","0.0","","23","","","","",""
"-112.82","53.05","CAMROSE","3011240","2019-02-13","2019","02","13","","-17.6","","-35.8","","-26.7","","44.7","","0.0","","","","","","0.2","","23","","","","",""
"-112.82","53.05","CAMROSE","3011240","2019-02-14","2019","02","14","","-19.1","","-34.6","","-26.9","","44.9","","0.0","","","","","","0.0","","22","","","","",""
"-112.82","53.05","CAMROSE","3011240","2019-02-15","2019","02","15","","-21.0","","-29.9","","-25.4","","43.4","","0.0","","","","","","1.6","","23","","","","",""
"-112.82","53.05","CAMROSE","3011240","2019-02-16","2019","02","16","","-14.7","","-21.0","","-17.8","","35.8","","0.0","","","","","","1.4","","31","","","","",""
"-112.82","53.05","CAMROSE","3011240","2019-02-17","2019","02","17","","-16.2","","-27.9","","-22.1","","40.1","","0.0","","","","","","1.1","","29","","","","",""
"-112.82","53.05","CAMROSE","3011240","2019-02-18","2019","02","18","","-15.8","","-35.0","","-25.4","","43.4","","0.0","","","","","","0.0","","28","","17","","31",""
"-112.82","53.05","CAMROSE","3011240","2019-02-19","2019","02","19","","-2.5","","-23.2","","-12.9","","30.9","","0.0","","","","","","0.0","","28","","","","",""
"-112.82","53.05","CAMROSE","3011240","2019-02-20","2019","02","20","","-4.2","","-13.8","","-9.0","","27.0","","0.0","","","","","","0.6","","29","","33","","35",""
"-112.82","53.05","CAMROSE","3011240","2019-02-21","2019","02","21","","-12.4","","-22.4","","-17.4","","35.4","","0.0","","","","","","0.2","","28","","","","",""
"-112.82","53.05","CAMROSE","3011240","2019-02-22","2019","02","22","","-4.0","","-19.2","","-11.6","","29.6","","0.0","","","","","","0.0","","28","","","","",""
"-112.82","53.05","CAMROSE","3011240","2019-02-23","2019","02","23","","-11.0","","-18.6","","-14.8","","32.8","","0.0","","","","","","0.0","","27","","1","","41",""
"-112.82","53.05","CAMROSE","3011240","2019-02-24","2019","02","24","","-16.9","","-31.4","","-24.2","","42.2","","0.0","","","","","","0.2","","26","","","","",""
"-112.82","53.05","CAMROSE","3011240","2019-02-25","2019","02","25","","-16.0","","-36.9","","-26.5","","44.5","","0.0","","","","","","0.0","","26","","","","",""
"-112.82","53.05","CAMROSE","3011240","2019-02-26","2019","02","26","","-11.4","","-34.2","","-22.8","","40.8","","0.0","","","","","","0.0","","26","","","","",""
"-112.82","53.05","CAMROSE","3011240","2019-02-27","2019","02","27","","-2.9","","-18.6","","-10.8","","28.8","","0.0","","","","","","0.0","","26","","29","","34",""
"-112.82","53.05","CAMROSE","3011240","2019-02-28","2019","02","28","","-5.9","","-17.8","","-11.8","","29.8","","0.0","","","","","","0.0","","26","","2","","31",""
"-112.82","53.05","CAMROSE","3011240","2019-03-01","2019","03","01","","-17.1","","-32.6","","-24.9","","42.9","","0.0","","","","","","0.0","","26","","33","","31",""
"-112.82","53.05","CAMROSE","3011240","2019-03-02","2019","03","02","","-19.6","","-32.7","","-26.1","","44.1","","0.0","","","","","","0.0","","26","","","","",""
"-112.82","53.05","CAMROSE","3011240","2019-03-03","2019","03","03","","-15.3","","-27.4","","-21.4","","39.4","","0.0","","","","","","0.0","","26","","","","",""
"-112.82","53.05","CAMROSE","3011240","2019-03-04","2019","03","04","","-9.0","","-26.0","","-17.5","","35.5","","0.0","","","","","","0.0","","26","","","","",""
"-112.82","53.05","CAMROSE","3011240","2019-03-05","2019","03","05","","-8.7","","-23.7","","-16.2","","34.2","","0.0","","","","","","0.0","","26","","","","",""
"-112.82","53.05","CAMROSE","3011240","2019-03-06","2019","03","06","","-14.0","","-28.0","","-21.0","","39.0","","0.0","","","","","","0.0","","26","","14","","38",""
"-112.82","53.05","CAMROSE","3011240","2019-03-07","2019","03","07","","-10.9","","-21.2","","-16.0","","34.0","","0.0","","","","","","0.0","","26","","","","",""
"-112.82","53.05","CAMROSE","3011240","2019-03-08","2019","03","08","","-7.2","","-14.8","","-11.0","","29.0","","0.0","","","","","","0.6","","27","","31","","31",""
"-112.82","53.05","CAMROSE","3011240","2019-03-09","2019","03","09","","-4.2","","-18.9","","-11.6","","29.6","","0.0","","","","","","0.0","","29","","","","",""
"-112.82","53.05","CAMROSE","3011240","2019-03-10","2019","03","10","","-1.2","","-24.2","","-12.7","","30.7","","0.0","","","","","","0.0","","29","","","","",""
"-112.82","53.05","CAMROSE","3011240","2019-03-11","2019","03","11","","4.9","","-13.5","","-4.3","","22.3","","0.0","","","","","","0.0","","28","","","","",""
"-112.82","53.05","CAMROSE","3011240","2019-03-12","2019","03","12","","4.1","","-6.9","","-1.4","","19.4","","0.0","","","","","","0.0","","28","","31","","38",""
"-112.82","53.05","CAMROSE","3011240","2019-03-13","2019","03","13","","3.8","","-7.9","","-2.1","","20.1","","0.0","","","","","","0.0","","27","","","","",""
"-112.82","53.05","CAMROSE","3011240","2019-03-14","2019","03","14","","3.4","","-13.8","","-5.2","","23.2","","0.0","","","","","","0.0","","27","","","","",""
"-112.82","53.05","CAMROSE","3011240","2019-03-15","2019","03","15","","4.5","","-6.9","","-1.2","","19.2","","0.0","","","","","","0.0","","27","","32","","38",""
"-112.82","53.05","CAMROSE","3011240","2019-03-16","2019","03","16","","4.8","","-13.7","","-4.4","","22.4","","0.0","","","","","","0.0","","27","","","","",""
"-112.82","53.05","CAMROSE","3011240","2019-03-17","2019","03","17","","8.8","","-6.7","","1.0","","17.0","","0.0","","","","","","0.0","","27","","","","",""
"-112.82","53.05","CAMROSE","3011240","2019-03-18","2019","03","18","","9.1","","-0.8","","4.1","","13.9","","0.0","","","","","","0.0","","23","","","","",""
"-112.82","53.05","CAMROSE","3011240","2019-03-19","2019","03","19","","11.2","","-3.2","","4.0","","14.0","","0.0","","","","","","0.0","","20","","","","",""
"-112.82","53.05","CAMROSE","3011240","2019-03-20","2019","03","20","","14.0","","-5.4","","4.3","","13.7","","0.0","","","","","","0.0","","17","","","","",""
"-112.82","53.05","CAMROSE","3011240","2019-03-21","2019","03","21","","7.7","","-5.5","","1.1","","16.9","","0.0","","","","","","0.0","","13","","","","",""
"-112.82","53.05","CAMROSE","3011240","2019-03-22","2019","03","22","","9.5","","-3.7","","2.9","","15.1","","0.0","","","","","","0.2","","7","","","","",""
"-112.82","53.05","CAMROSE","3011240","2019-03-23","2019","03","23","","7.6","","-4.6","","1.5","","16.5","","0.0","","","","","","0.0","","6","","","","",""
"-112.82","53.05","CAMROSE","3011240","2019-03-24","2019","03","24","","1.2","","-2.8","","-0.8","","18.8","","0.0","","","","","","0.0","","6","","","","",""
"-112.82","53.05","CAMROSE","3011240","2019-03-25","2019","03","25","","2.1","","-2.3","","-0.1","","18.1","","0.0","","","","","","0.0","","6","","18","","31",""
"-112.82","53.05","CAMROSE","3011240","2019-03-26","2019","03","26","","2.4","","0.1","","1.2","","16.8","","0.0","","","","","","3.2","","6","","","","",""
"-112.82","53.05","CAMROSE","3011240","2019-03-27","2019","03","27","","4.3","","-2.5","","0.9","","17.1","","0.0","","","","","","0.0","","7","","","","",""
"-112.82","53.05","CAMROSE","3011240","2019-03-28","2019","03","28","","7.3","","-3.9","","1.7","","16.3","","0.0","","","","","","0.0","","5","","","","",""
"-112.82","53.05","CAMROSE","3011240","2019-03-29","2019","03","29","","8.2","","-3.1","","2.5","","15.5","","0.0","","","","","","0.0","","4","","","","",""
"-112.82","53.05","CAMROSE","3011240","2019-03-30","2019","03","30","","9.5","","-1.1","","4.2","","13.8","","0.0","","","","","","0.0","","3","","34","","34",""
"-112.82","53.05","CAMROSE","3011240","2019-03-31","2019","03","31","","5.1","","-2.5","","1.3","","16.7","","0.0","","","","","","0.0","","2","","","","",""
"-112.82","53.05","CAMROSE","3011240","2019-04-01","2019","04","01","","7.7","","-0.9","","3.4","","14.6","","0.0","","","","","","0.0","","1","","34","","40",""
"-112.82","53.05","CAMROSE","3011240","2019-04-02","2019","04","02","","5.5","","-2.8","","1.4","","16.6","","0.0","","","","","","0.0","","","","34","","33",""
"-112.82","53.05","CAMROSE","3011240","2019-04-03","2019","04","03","","10.4","","-1.1","","4.7","","13.3","","0.0","","","","","","0.0","","","","15","","34",""
"-112.82","53.05","CAMROSE","3011240","2019-04-04","2019","04","04","","4.0","","-2.2","","0.9","","17.1","","0.0","","","","","","0.0","","","","","","",""
"-112.82","53.05","CAMROSE","3011240","2019-04-05","2019","04","05","","9.4","","-4.8","","2.3","","15.7","","0.0","","","","","","0.0","","","","13","","41",""
"-112.82","53.05","CAMROSE","3011240","2019-04-06","2019","04","06","","8.8","","-1.0","","3.9","","14.1","","0.0","","","","","","0.0","","","","11","","34",""
"-112.82","53.05","CAMROSE","3011240","2019-04-07","2019","04","07","","13.4","","-3.3","","5.1","","12.9","","0.0","","","","","","0.0","","","","30","","33",""
"-112.82","53.05","CAMROSE","3011240","2019-04-08","2019","04","08","","14.1","","-0.2","","7.0","","11.0","","0.0","","","","","","0.0","","","","27","","34",""
"-112.82","53.05","CAMROSE","3011240","2019-04-09","2019","04","09","","15.3","","-3.7","","5.8","","12.2","","0.0","","","","","","0.0","","","","15","","35",""
"-112.82","53.05","CAMROSE","3011240","2019-04-10","2019","04","10","","13.9","","-0.4","","6.7","","11.3","","0.0","","","","","","0.0","","","","20","","51",""
"-112.82","53.05","CAMROSE","3011240","2019-04-11","2019","04","11","","10.8","","-1.0","","4.9","","13.1","","0.0","","","","","","0.0","","","","13","","39",""
"-112.82","53.05","CAMROSE","3011240","2019-04-12","2019","04","12","","10.0","","-4.4","","2.8","","15.2","","0.0","","","","","","0.0","","","","20","","39",""
"-112.82","53.05","CAMROSE","3011240","2019-04-13","2019","04","13","","13.9","","-2.9","","5.5","","12.5","","0.0","","","","","","0.0","","","","21","","39",""
"-112.82","53.05","CAMROSE","3011240","2019-04-14","2019","04","14","","9.2","","-2.6","","3.3","","14.7","","0.0","","","","","","0.0","","","","31","","46",""
"-112.82","53.05","CAMROSE","3011240","2019-04-15","2019","04","15","","10.6","","-1.4","","4.6","","13.4","","0.0","","","","","","0.0","","","","29","","40",""
"-112.82","53.05","CAMROSE","3011240","2019-04-16","2019","04","16","","12.4","","-3.5","","4.4","","13.6","","0.0","","","","","","0.0","","","","21","","38",""
"-112.82","53.05","CAMROSE","3011240","2019-04-17","2019","04","17","","14.9","","-3.9","","5.5","","12.5","","0.0","","","","","","0.0","","","","32","","57",""
"-112.82","53.05","CAMROSE","3011240","2019-04-18","2019","04","18","","17.4","","-1.8","","7.8","","10.2","","0.0","","","","","","0.0","","","","22","","36",""
"-112.82","53.05","CAMROSE","3011240","2019-04-19","2019","04","19","","11.9","","2.1","","7.0","","11.0","","0.0","","","","","","0.0","","","","27","","41",""
"-112.82","53.05","CAMROSE","3011240","2019-04-20","2019","04","20","","11.5","","-2.2","","4.7","","13.3","","0.0","","","","","","0.0","","","","31","","41",""
"-112.82","53.05","CAMROSE","3011240","2019-04-21","2019","04","21","","15.9","","-5.2","","5.3","","12.7","","0.0","","","","","","0.0","","","","","","",""
"-112.82","53.05","CAMROSE","3011240","2019-04-22","2019","04","22","","21.9","","-0.3","","10.8","","7.2","","0.0","","","","","","0.0","","","","17","","53",""
"-112.82","53.05","CAMROSE","3011240","2019-04-23","2019","04","23","","17.3","","1.9","","9.6","","8.4","","0.0","","","","","","0.0","","","","26","","45",""
"-112.82","53.05","CAMROSE","3011240","2019-04-24","2019","04","24","","9.5","","-1.8","","3.8","","14.2","","0.0","","","","","","0.0","","","","32","","53",""
"-112.82","53.05","CAMROSE","3011240","2019-04-25","2019","04","25","","10.9","","-3.1","","3.9","","14.1","","0.0","","","","","","0.0","","","","27","","41",""
"-112.82","53.05","CAMROSE","3011240","2019-04-26","2019","04","26","","10.5","","-4.6","","3.0","","15.0","","0.0","","","","","","0.0","","","","9","","38",""
"-112.82","53.05","CAMROSE","3011240","2019-04-27","2019","04","27","","6.7","","-2.8","","1.9","","16.1","","0.0","","","","","","0.0","","","","7","","63",""
"-112.82","53.05","CAMROSE","3011240","2019-04-28","2019","04","28","","6.5","","-8.4","","-0.9","","18.9","","0.0","","","","","","0.0","","","","36","","32",""
"-112.82","53.05","CAMROSE","3011240","2019-04-29","2019","04","29","","7.4","","-5.7","","0.9","","17.1","","0.0","","","","","","0.0","","","","34","","39",""
"-112.82","53.05","CAMROSE","3011240","2019-04-30","2019","04","30","","1.4","","-3.6","","-1.1","","19.1","","0.0","","","","","","3.7","","","","36","","36",""
"-112.82","53.05","CAMROSE","3011240","2019-05-01","2019","05","01","","6.9","","-3.9","","1.5","","16.5","","0.0","","","","","","2.0","","","","","","",""
"-112.82","53.05","CAMROSE","3011240","2019-05-02","2019","05","02","","9.7","","-1.6","","4.0","","14.0","","0.0","","","","","","0.2","","","","20","","36",""
"-112.82","53.05","CAMROSE","3011240","2019-05-03","2019","05","03","","5.2","","-0.9","","2.2","","15.8","","0.0","","","","","","0.0","","","","34","","41",""
"-112.82","53.05","CAMROSE","3011240","2019-05-04","2019","05","04","","6.2","","-3.8","","1.2","","16.8","","0.0","","","","","","0.0","","","","34","","36",""
"-112.82","53.05","CAMROSE","3011240","2019-05-05","2019","05","05","","9.8","","-7.4","","1.2","","16.8","","0.0","","","","","","0.0","","","","16","","44",""
"-112.82","53.05","CAMROSE","3011240","2019-05-06","2019","05","06","","13.5","","-1.0","","6.2","","11.8","","0.0","","","","","","0.0","","","","24","","41",""
"-112.82","53.05","CAMROSE","3011240","2019-05-07","2019","05","07","","11.4","","1.2","","6.3","","11.7","","0.0","","","","","","0.0","","","","","","",""
"-112.82","53.05","CAMROSE","3011240","2019-05-08","2019","05","08","","15.5","","1.7","","8.6","","9.4","","0.0","","","","","","1.3","","","","7","","32",""
"-112.82","53.05","CAMROSE","3011240","2019-05-09","2019","05","09","","19.8","","-1.6","","9.1","","8.9","","0.0","","","","","","0.2","","","","","","",""
"-112.82","53.05","CAMROSE","3011240","2019-05-10","2019","05","10","","19.5","","3.8","","11.7","","6.3","","0.0","","","","","","0.0","","","","34","","60",""
"-112.82","53.05","CAMROSE","3011240","2019-05-11","2019","05","11","","22.7","","2.5","","12.6","","5.4","","0.0","","","","","","0.0","","","","","","",""
"-112.82","53.05","CAMROSE","3011240","2019-05-12","2019","05","12","","23.6","","9.5","","16.5","","1.5","","0.0","","","","","","0.0","","","","28","","42",""
"-112.82","53.05","CAMROSE","3011240","2019-05-13","2019","05","13","","19.3","","3.3","","11.3","","6.7","","0.0","","","","","","0.2","","","","28","","36",""
"-112.82","53.05","CAMROSE","3011240","2019-05-14","2019","05","14","","14.3","","6.4","","10.3","","7.7","","0.0","","","","","","4.1","","","","6","","34",""
"-112.82","53.05","CAMROSE","3011240","2019-05-15","2019","05","15","","8.8","","6.1","","7.4","","10.6","","0.0","","","","","","14.3","","","","","","",""
"-112.82","53.05","CAMROSE","3011240","2019-05-16","2019","05","16","","15.5","","1.3","","8.4","","9.6","","0.0","","","","","","0.0","","","","12","","42",""
"-112.82","53.05","CAMROSE","3011240","2019-05-17","2019","05","17","","16.7","","3.3","","10.0","","8.0","","0.0","","","","","","0.0","","","","13","","46",""
"-112.82","53.05","CAMROSE","3011240","2019-05-18","2019","05","18","","15.6","","1.3","","8.4","","9.6","","0.0","","","","","","0.0","","","","13","","47",""
"-112.82","53.05","CAMROSE","3011240","2019-05-19","2019","05","19","","16.6","","-0.8","","7.9","","10.1","","0.0","","","","","","0.0","","","","14","","54",""
"-112.82","53.05","CAMROSE","3011240","2019-05-20","2019","05","20","","17.5","","1.8","","9.6","","8.4","","0.0","","","","","","0.0","","","","14","","51",""
"-112.82","53.05","CAMROSE","3011240","2019-05-21","2019","05","21","","19.2","","2.5","","10.8","","7.2","","0.0","","","","","","0.0","","","","13","","44",""
"-112.82","53.05","CAMROSE","3011240","2019-05-22","2019","05","22","","21.7","","1.4","","11.6","","6.4","","0.0","","","","","","0.2","","","","","","",""
"-112.82","53.05","CAMROSE","3011240","2019-05-23","2019","05","23","","22.1","","8.0","","15.1","","2.9","","0.0","","","","","","0.0","","","","20","","44",""
"-112.82","53.05","CAMROSE","3011240","2019-05-24","2019","05","24","","20.1","","5.9","","13.0","","5.0","","0.0","","","","","","0.0","","","","35","","47",""
"-112.82","53.05","CAMROSE","3011240","2019-05-25","2019","05","25","","18.5","","6.1","","12.3","","5.7","","0.0","","","","","","0.0","","","","4","","41",""
"-112.82","53.05","CAMROSE","3011240","2019-05-26","2019","05","26","","20.8","","0.5","","10.6","","7.4","","0.0","","","","","","0.0","","","","","","",""
"-112.82","53.05","CAMROSE","3011240","2019-05-27","2019","05","27","","23.6","","3.3","","13.4","","4.6","","0.0","","","","","","0.0","","","","19","","31",""
"-112.82","53.05","CAMROSE","3011240","2019-05-28","2019","05","28","","26.6","","4.5","","15.5","","2.5","","0.0","","","","","","0.0","","","","","","",""
"-112.82","53.05","CAMROSE","3011240","2019-05-29","2019","05","29","","29.7","","7.4","","18.6","","0.0","","0.6","","","","","","0.0","","","","","","",""
"-112.82","53.05","CAMROSE","3011240","2019-05-30","2019","05","30","","17.7","","9.1","","13.4","","4.6","","0.0","","","","","","0.0","","","","3","","40",""
"-112.82","53.05","CAMROSE","3011240","2019-05-31","2019","05","31","","21.3","","3.0","","12.2","","5.8","","0.0","","","","","","0.0","","","","","","",""
"-112.82","53.05","CAMROSE","3011240","2019-06-01","2019","06","01","","27.2","","7.6","","17.4","","0.6","","0.0","","","","","","0.0","","","","23","","52",""
"-112.82","53.05","CAMROSE","3011240","2019-06-02","2019","06","02","","22.4","","11.4","","16.9","","1.1","","0.0","","","","","","0.0","","","","33","","51",""
"-112.82","53.05","CAMROSE","3011240","2019-06-03","2019","06","03","","19.9","","6.1","","13.0","","5.0","","0.0","","","","","","0.0","","","","32","","54",""
"-112.82","53.05","CAMROSE","3011240","2019-06-04","2019","06","04","","20.6","","4.9","","12.7","","5.3","","0.0","","","","","","0.6","","","","23","","57",""
"-112.82","53.05","CAMROSE","3011240","2019-06-05","2019","06","05","","21.2","","2.0","","11.6","","6.4","","0.0","","","","","","0.0","","","","2","","32",""
"-112.82","53.05","CAMROSE","3011240","2019-06-06","2019","06","06","","15.7","","7.2","","11.4","","6.6","","0.0","","","","","","0.9","","","","36","","37",""
"-112.82","53.05","CAMROSE","3011240","2019-06-07","2019","06","07","","8.4","","0.4","","4.4","","13.6","","0.0","","","","","","42.2","","","","32","","44",""
"-112.82","53.05","CAMROSE","3011240","2019-06-08","2019","06","08","","14.8","","1.8","","8.3","","9.7","","0.0","","","","","","2.1","","","","35","","32",""
"-112.82","53.05","CAMROSE","3011240","2019-06-09","2019","06","09","","14.7","","3.4","","9.1","","8.9","","0.0","","","","","","3.6","","","","33","","57",""
"-112.82","53.05","CAMROSE","3011240","2019-06-10","2019","06","10","","19.6","","5.6","","12.6","","5.4","","0.0","","","","","","5.4","","","","33","","35",""
"-112.82","53.05","CAMROSE","3011240","2019-06-11","2019","06","11","","21.7","","7.5","","14.6","","3.4","","0.0","","","","","","0.2","","","","31","","33",""
"-112.82","53.05","CAMROSE","3011240","2019-06-12","2019","06","12","","26.4","","13.7","","20.1","","0.0","","2.1","","","","","","0.0","","","","26","","32",""
"-112.82","53.05","CAMROSE","3011240","2019-06-13","2019","06","13","","25.3","","14.4","","19.9","","0.0","","1.9","","","","","","1.7","","","","33","","36",""
"-112.82","53.05","CAMROSE","3011240","2019-06-14","2019","06","14","","21.8","","10.6","","16.2","","1.8","","0.0","","","","","","0.7","","","","32","","48",""
"-112.82","53.05","CAMROSE","3011240","2019-06-15","2019","06","15","","22.2","","9.7","","16.0","","2.0","","0.0","","","","","","1.3","","","","35","","45",""
"-112.82","53.05","CAMROSE","3011240","2019-06-16","2019","06","16","","22.8","","7.1","","14.9","","3.1","","0.0","","","","","","0.0","","","","","","",""
"-112.82","53.05","CAMROSE","3011240","2019-06-17","2019","06","17","","24.6","","9.3","","17.0","","1.0","","0.0","","","","","","0.0","","","","18","","36",""
"-112.82","53.05","CAMROSE","3011240","2019-06-18","2019","06","18","","22.2","","12.1","","17.2","","0.8","","0.0","","","","","","1.8","","","","30","","36",""
"-112.82","53.05","CAMROSE","3011240","2019-06-19","2019","06","19","","13.3","","6.5","","9.9","","8.1","","0.0","","","","","","7.1","","","","28","","43",""
"-112.82","53.05","CAMROSE","3011240","2019-06-20","2019","06","20","","14.2","","7.0","","10.6","","7.4","","0.0","","","","","","7.0","","","","35","","40",""
"-112.82","53.05","CAMROSE","3011240","2019-06-21","2019","06","21","","19.0","","10.5","","14.8","","3.2","","0.0","","","","","","1.7","","","","34","","51",""
"-112.82","53.05","CAMROSE","3011240","2019-06-22","2019","06","22","","19.8","","9.9","","14.9","","3.1","","0.0","","","","","","0.0","","","","34","","37",""
"-112.82","53.05","CAMROSE","3011240","2019-06-23","2019","06","23","","21.2","","8.3","","14.7","","3.3","","0.0","","","","","","0.0","","","","32","","35",""
"-112.82","53.05","CAMROSE","3011240","2019-06-24","2019","06","24","","17.2","","9.9","","13.6","","4.4","","0.0","","","","","","2.2","","","","27","","36",""
"-112.82","53.05","CAMROSE","3011240","2019-06-25","2019","06","25","","18.4","","9.0","","13.7","","4.3","","0.0","","","","","","2.1","","","","31","","31",""
"-112.82","53.05","CAMROSE","3011240","2019-06-26","2019","06","26","","21.1","","4.9","","13.0","","5.0","","0.0","","","","","","16.4","","","","18","","39",""
"-112.82","53.05","CAMROSE","3011240","2019-06-27","2019","06","27","","17.7","","5.2","","11.5","","6.5","","0.0","","","","","","5.4","","","","","","",""
"-112.82","53.05","CAMROSE","3011240","2019-06-28","2019","06","28","","22.3","","10.3","","16.3","","1.7","","0.0","","","","","","0.6","","","","12","","33",""
"-112.82","53.05","CAMROSE","3011240","2019-06-29","2019","06","29","","20.1","","6.6","","13.3","","4.7","","0.0","","","","","","0.2","","","","28","","45",""
"-112.82","53.05","CAMROSE","3011240","2019-06-30","2019","06","30","","22.2","","10.1","","16.1","","1.9","","0.0","","","","","","0.0","","","","29","","32",""
"-112.82","53.05","CAMROSE","3011240","2019-07-01","2019","07","01","","21.1","","6.3","","13.7","","4.3","","0.0","","","","","","7.1","","","","2","","60",""
"-112.82","53.05","CAMROSE","3011240","2019-07-02","2019","07","02","","19.4","","5.8","","12.6","","5.4","","0.0","","","","","","0.0","","","","29","","42",""
"-112.82","53.05","CAMROSE","3011240","2019-07-03","2019","07","03","","17.4","","6.7","","12.1","","5.9","","0.0","","","","","","0.0","","","","30","","39",""
"-112.82","53.05","CAMROSE","3011240","2019-07-04","2019","07","04","","18.3","","6.1","","12.2","","5.8","","0.0","","","","","","0.0","","","","","","",""
"-112.82","53.05","CAMROSE","3011240","2019-07-05","2019","07","05","","17.4","","5.5","","11.4","","6.6","","0.0","","","","","","0.0","","","","","","",""
"-112.82","53.05","CAMROSE","3011240","2019-07-06","2019","07","06","","21.9","","9.5","","15.7","","2.3","","0.0","","","","","","22.2","","","","22","","36",""
"-112.82","53.05","CAMROSE","3011240","2019-07-07","2019","07","07","","21.7","","12.7","","17.2","","0.8","","0.0","","","","","","1.3","","","","29","","39",""
"-112.82","53.05","CAMROSE","3011240","2019-07-08","2019","07","08","","19.1","","11.0","","15.1","","2.9","","0.0","","","","","","11.5","","","","","","",""
"-112.82","53.05","CAMROSE","3011240","2019-07-09","2019","07","09","","15.7","","9.6","","12.7","","5.3","","0.0","","","","","","0.0","","","","","","",""
"-112.82","53.05","CAMROSE","3011240","2019-07-10","2019","07","10","","19.9","","9.7","","14.8","","3.2","","0.0","","","","","","0.0","","","","","","",""
"-112.82","53.05","CAMROSE","3011240","2019-07-11","2019","07","11","","20.6","","9.9","","15.2","","2.8","","0.0","","","","","","0.0","","","","","","",""
"-112.82","53.05","CAMROSE","3011240","2019-07-12","2019","07","12","","24.7","","9.2","","17.0","","1.0","","0.0","","","","","","0.0","","","","","","",""
"-112.82","53.05","CAMROSE","3011240","2019-07-13","2019","07","13","","25.5","","12.8","","19.2","","0.0","","1.2","","","","","","0.0","","","","26","","41",""
"-112.82","53.05","CAMROSE","3011240","2019-07-14","2019","07","14","","24.5","","9.2","","16.8","","1.2","","0.0","","","","","","0.0","","","","30","","37",""
"-112.82","53.05","CAMROSE","3011240","2019-07-15","2019","07","15","","23.5","","11.2","","17.3","","0.7","","0.0","","","","","","0.0","","","","3","","33",""
"-112.82","53.05","CAMROSE","3011240","2019-07-16","2019","07","16","","20.9","","10.2","","15.6","","2.4","","0.0","","","","","","3.6","","","","1","","36",""
"-112.82","53.05","CAMROSE","3011240","2019-07-17","2019","07","17","","23.9","","7.6","","15.7","","2.3","","0.0","","","","","","4.8","","","","22","","47",""
"-112.82","53.05","CAMROSE","3011240","2019-07-18","2019","07","18","","16.0","","8.3","","12.1","","5.9","","0.0","","","","","","30.8","","","","32","","46",""
"-112.82","53.05","CAMROSE","3011240","2019-07-19","2019","07","19","","16.8","","10.1","","13.5","","4.5","","0.0","","","","","","31.5","","","","31","","44",""
"-112.82","53.05","CAMROSE","3011240","2019-07-20","2019","07","20","","22.2","","11.2","","16.7","","1.3","","0.0","","","","","","0.0","","","","","","",""
"-112.82","53.05","CAMROSE","3011240","2019-07-21","2019","07","21","","24.1","","7.9","","16.0","","2.0","","0.0","","","","","","0.0","","","","15","","31",""
"-112.82","53.05","CAMROSE","3011240","2019-07-22","2019","07","22","","26.5","","11.1","","18.8","","0.0","","0.8","","","","","","0.0","","","","15","","39",""
"-112.82","53.05","CAMROSE","3011240","2019-07-23","2019","07","23","","28.8","","10.6","","19.7","","0.0","","1.7","","","","","","0.0","","","","","","",""
"-112.82","53.05","CAMROSE","3011240","2019-07-24","2019","07","24","","22.9","","11.5","","17.2","","0.8","","0.0","","","","","","5.8","","","","28","","61",""
"-112.82","53.05","CAMROSE","3011240","2019-07-25","2019","07","25","","21.6","","11.6","","16.6","","1.4","","0.0","","","","","","3.4","","","","25","","64",""
"-112.82","53.05","CAMROSE","3011240","2019-07-26","2019","07","26","","25.8","","9.8","","17.8","","0.2","","0.0","","","","","","0.0","","","","","","",""
"-112.82","53.05","CAMROSE","3011240","2019-07-27","2019","07","27","","21.3","","10.4","","15.8","","2.2","","0.0","","","","","","5.8","","","","27","","58",""
"-112.82","53.05","CAMROSE","3011240","2019-07-28","2019","07","28","","20.9","","12.0","","16.5","","1.5","","0.0","","","","","","2.3","","","","28","","44",""
"-112.82","53.05","CAMROSE","3011240","2019-07-29","2019","07","29","","22.1","","10.7","","16.4","","1.6","","0.0","","","","","","2.2","","","","","","",""
"-112.82","53.05","CAMROSE","3011240","2019-07-30","2019","07","30","","23.8","","8.3","","16.0","","2.0","","0.0","","","","","","0.0","","","","","","",""
"-112.82","53.05","CAMROSE","3011240","2019-07-31","2019","07","31","","22.5","","8.5","","15.5","","2.5","","0.0","","","","","","0.0","","","","13","","39",""
"-112.82","53.05","CAMROSE","3011240","2019-08-01","2019","08","01","","23.6","","13.2","","18.4","","0.0","","0.4","","","","","","42.3","","","","18","","67",""
"-112.82","53.05","CAMROSE","3011240","2019-08-02","2019","08","02","","27.3","","12.7","","20.0","","0.0","","2.0","","","","","","0.0","","","","31","","36",""
"-112.82","53.05","CAMROSE","3011240","2019-08-03","2019","08","03","","21.5","","11.4","","16.4","","1.6","","0.0","","","","","","0.0","","","","31","","38",""
"-112.82","53.05","CAMROSE","3011240","2019-08-04","2019","08","04","","23.1","","9.2","","16.2","","1.8","","0.0","","","","","","0.0","","","","31","","34",""
"-112.82","53.05","CAMROSE","3011240","2019-08-05","2019","08","05","","25.9","","11.6","","18.7","","0.0","","0.7","","","","","","4.3","","","","35","","37",""
"-112.82","53.05","CAMROSE","3011240","2019-08-06","2019","08","06","","16.5","","10.7","","13.6","","4.4","","0.0","","","","","","1.1","","","","","","",""
"-112.82","53.05","CAMROSE","3011240","2019-08-07","2019","08","07","","22.0","","6.2","","14.1","","3.9","","0.0","","","","","","0.0","","","","","","",""
"-112.82","53.05","CAMROSE","3011240","2019-08-08","2019","08","08","","25.1","","12.1","","18.6","","0.0","","0.6","","","","","","9.5","","","","27","","34",""
"-112.82","53.05","CAMROSE","3011240","2019-08-09","2019","08","09","","16.4","","11.0","","13.7","","4.3","","0.0","","","","","","1.1","","","","33","","37",""
"-112.82","53.05","CAMROSE","3011240","2019-08-10","2019","08","10","","16.3","","9.9","","13.1","","4.9","","0.0","","","","","","0.0","","","","","","",""
"-112.82","53.05","CAMROSE","3011240","2019-08-11","2019","08","11","","13.5","","9.9","","11.7","","6.3","","0.0","","","","","","3.5","","","","","","",""
"-112.82","53.05","CAMROSE","3011240","2019-08-12","2019","08","12","","16.7","","11.3","","14.0","","4.0","","0.0","","","","","","0.0","","","","","","",""
"-112.82","53.05","CAMROSE","3011240","2019-08-13","2019","08","13","","19.7","","11.1","","15.4","","2.6","","0.0","","","","","","0.0","","","","","","",""
"-112.82","53.05","CAMROSE","3011240","2019-08-14","2019","08","14","","23.8","","6.4","","15.1","","2.9","","0.0","","","","","","0.0","","","","","","",""
"-112.82","53.05","CAMROSE","3011240","2019-08-15","2019","08","15","","24.6","","12.4","","18.5","","0.0","","0.5","","","","","","0.3","","","","35","","49",""
"-112.82","53.05","CAMROSE","3011240","2019-08-16","2019","08","16","","15.0","","7.4","","11.2","","6.8","","0.0","","","","","","0.6","","","","32","","61",""
"-112.82","53.05","CAMROSE","3011240","2019-08-17","2019","08","17","","16.4","","4.9","","10.6","","7.4","","0.0","","","","","","0.4","","","","27","","32",""
"-112.82","53.05","CAMROSE","3011240","2019-08-18","2019","08","18","","17.3","","8.6","","12.9","","5.1","","0.0","","","","","","0.5","","","","","","",""
"-112.82","53.05","CAMROSE","3011240","2019-08-19","2019","08","19","","18.2","","8.3","","13.3","","4.7","","0.0","","","","","","2.8","","","","","","",""
"-112.82","53.05","CAMROSE","3011240","2019-08-20","2019","08","20","","24.2","","6.0","","15.1","","2.9","","0.0","","","","","","0.0","","","","13","","39",""
"-112.82","53.05","CAMROSE","3011240","2019-08-21","2019","08","21","","28.2","","9.7","","18.9","","0.0","","0.9","","","","","","0.0","","","","15","","51",""
"-112.82","53.05","CAMROSE","3011240","2019-08-22","2019","08","22","","19.9","","6.7","","13.3","","4.7","","0.0","","","","","","0.0","","","","32","","42",""
"-112.82","53.05","CAMROSE","3011240","2019-08-23","2019","08","23","","22.1","","4.7","","13.4","","4.6","","0.0","","","","","","2.1","","","","16","","47",""
"-112.82","53.05","CAMROSE","3011240","2019-08-24","2019","08","24","","22.1","","8.4","","15.2","","2.8","","0.0","","","","","","2.2","","","","30","","42",""
"-112.82","53.05","CAMROSE","3011240","2019-08-25","2019","08","25","","20.1","","8.1","","14.1","","3.9","","0.0","","","","","","0.0","","","","27","","38",""
"-112.82","53.05","CAMROSE","3011240","2019-08-26","2019","08","26","","16.4","","7.8","","12.1","","5.9","","0.0","","","","","","0.2","","","","31","","54",""
"-112.82","53.05","CAMROSE","3011240","2019-08-27","2019","08","27","","20.8","","3.5","","12.2","","5.8","","0.0","","","","","","0.0","","","","","","",""
"-112.82","53.05","CAMROSE","3011240","2019-08-28","2019","08","28","","","M","","M","","M","","M","","M","","","","","","M","","","","M","","M"
"-112.82","53.05","CAMROSE","3011240","2019-08-29","2019","08","29","","16.6","","2.7","","9.7","","8.3","","0.0","","","","","","0.0","","","","","","",""
"-112.82","53.05","CAMROSE","3011240","2019-08-30","2019","08","30","","13.6","","9.2","","11.4","","6.6","","0.0","","","","","","0.0","","","","","","",""
"-112.82","53.05","CAMROSE","3011240","2019-08-31","2019","08","31","","14.4","","5.8","","10.1","","7.9","","0.0","","","","","","6.0","","","","","","",""
"-112.82","53.05","CAMROSE","3011240","2019-09-01","2019","09","01","","15.9","","5.3","","10.6","","7.4","","0.0","","","","","","0.0","","","","","","",""
"-112.82","53.05","CAMROSE","3011240","2019-09-02","2019","09","02","","19.3","","7.9","","13.6","","4.4","","0.0","","","","","","0.0","","","","33","","44",""
"-112.82","53.05","CAMROSE","3011240","2019-09-03","2019","09","03","","24.1","","7.8","","15.9","","2.1","","0.0","","","","","","0.0","","","","","","",""
"-112.82","53.05","CAMROSE","3011240","2019-09-04","2019","09","04","","23.7","","7.2","","15.5","","2.5","","0.0","","","","","","0.0","","","","","","",""
"-112.82","53.05","CAMROSE","3011240","2019-09-05","2019","09","05","","20.6","","8.8","","14.7","","3.3","","0.0","","","","","","7.4","","","","","","",""
"-112.82","53.05","CAMROSE","3011240","2019-09-06","2019","09","06","","20.0","","7.3","","13.7","","4.3","","0.0","","","","","","0.0","","","","12","","34",""
"-112.82","53.05","CAMROSE","3011240","2019-09-07","2019","09","07","","23.0","","9.0","","16.0","","2.0","","0.0","","","","","","0.6","","","","17","","34",""
"-112.82","53.05","CAMROSE","3011240","2019-09-08","2019","09","08","","14.9","","9.7","","12.3","","5.7","","0.0","","","","","","29.6","","","","6","","53",""
"-112.82","53.05","CAMROSE","3011240","2019-09-09","2019","09","09","","15.2","","9.6","","12.4","","5.6","","0.0","","","","","","0.0","","","","7","","33",""
"-112.82","53.05","CAMROSE","3011240","2019-09-10","2019","09","10","","10.2","","7.7","","9.0","","9.0","","0.0","","","","","","5.0","","","","","","",""
"-112.82","53.05","CAMROSE","3011240","2019-09-11","2019","09","11","","13.3","","6.9","","10.1","","7.9","","0.0","","","","","","0.4","","","","","","",""
"-112.82","53.05","CAMROSE","3011240","2019-09-12","2019","09","12","","20.2","","3.7","","11.9","","6.1","","0.0","","","","","","0.0","","","","17","","32",""
"-112.82","53.05","CAMROSE","3011240","2019-09-13","2019","09","13","","19.4","","7.3","","13.4","","4.6","","0.0","","","","","","0.0","","","","","","",""
"-112.82","53.05","CAMROSE","3011240","2019-09-14","2019","09","14","","20.9","","3.4","","12.2","","5.8","","0.0","","","","","","0.0","","","","","","",""
"-112.82","53.05","CAMROSE","3011240","2019-09-15","2019","09","15","","22.4","","4.8","","13.6","","4.4","","0.0","","","","","","0.0","","","","","","",""
"-112.82","53.05","CAMROSE","3011240","2019-09-16","2019","09","16","","17.9","","8.4","","13.1","","4.9","","0.0","","","","","","2.8","","","","5","","39",""
"-112.82","53.05","CAMROSE","3011240","2019-09-17","2019","09","17","","15.5","","4.8","","10.1","","7.9","","0.0","","","","","","3.0","","","","","","",""
"-112.82","53.05","CAMROSE","3011240","2019-09-18","2019","09","18","","17.0","","1.2","","9.1","","8.9","","0.0","","","","","","0.0","","","","","","",""
"-112.82","53.05","CAMROSE","3011240","2019-09-19","2019","09","19","","18.0","","1.9","","10.0","","8.0","","0.0","","","","","","0.0","","","","","","",""
"-112.82","53.05","CAMROSE","3011240","2019-09-20","2019","09","20","","16.3","","6.4","","11.4","","6.6","","0.0","","","","","","0.0","","","","28","","41",""
"-112.82","53.05","CAMROSE","3011240","2019-09-21","2019","09","21","","20.3","","1.2","","10.8","","7.2","","0.0","","","","","","0.0","","","","","","",""
"-112.82","53.05","CAMROSE","3011240","2019-09-22","2019","09","22","","23.5","","5.3","","14.4","","3.6","","0.0","","","","","","0.0","","","","","","",""
"-112.82","53.05","CAMROSE","3011240","2019-09-23","2019","09","23","","15.4","","6.7","","11.1","","6.9","","0.0","","","","","","0.0","","","","30","","37",""
"-112.82","53.05","CAMROSE","3011240","2019-09-24","2019","09","24","","15.5","","5.8","","10.6","","7.4","","0.0","","","","","","0.0","","","","31","","49",""
"-112.82","53.05","CAMROSE","3011240","2019-09-25","2019","09","25","","13.9","","6.3","","10.1","","7.9","","0.0","","","","","","1.2","","","","32","","43",""
"-112.82","53.05","CAMROSE","3011240","2019-09-26","2019","09","26","","8.8","","3.4","","6.1","","11.9","","0.0","","","","","","7.1","","","","30","","37",""
"-112.82","53.05","CAMROSE","3011240","2019-09-27","2019","09","27","","4.5","","-0.3","","2.1","","15.9","","0.0","","","","","","0.2","","","","3","","31",""
"-112.82","53.05","CAMROSE","3011240","2019-09-28","2019","09","28","","3.4","","-1.0","","1.2","","16.8","","0.0","","","","","","0.0","","","","","","",""
"-112.82","53.05","CAMROSE","3011240","2019-09-29","2019","09","29","","3.0","","-1.7","","0.7","","17.3","","0.0","","","","","","0.0","","","","","","",""
"-112.82","53.05","CAMROSE","3011240","2019-09-30","2019","09","30","","3.5","","-1.8","","0.9","","17.1","","0.0","","","","","","1.5","","","","","","",""
"-112.82","53.05","CAMROSE","3011240","2019-10-01","2019","10","01","","6.1","","-5.5","","0.3","","17.7","","0.0","","","","","","0.0","","0","","14","","32",""
"-112.82","53.05","CAMROSE","3011240","2019-10-02","2019","10","02","","11.8","","-3.4","","4.2","","13.8","","0.0","","","","","","0.0","","","","15","","31",""
"-112.82","53.05","CAMROSE","3011240","2019-10-03","2019","10","03","","11.6","","-5.3","","3.2","","14.8","","0.0","","","","","","0.0","","","","15","","37",""
"-112.82","53.05","CAMROSE","3011240","2019-10-04","2019","10","04","","11.9","","-0.4","","5.7","","12.3","","0.0","","","","","","0.0","","","","29","","44",""
"-112.82","53.05","CAMROSE","3011240","2019-10-05","2019","10","05","","12.7","","3.1","","7.9","","10.1","","0.0","","","","","","0.0","","","","33","","51",""
"-112.82","53.05","CAMROSE","3011240","2019-10-06","2019","10","06","","16.7","","1.9","","9.3","","8.7","","0.0","","","","","","0.0","","","","27","","34",""
"-112.82","53.05","CAMROSE","3011240","2019-10-07","2019","10","07","","18.0","","0.4","","9.2","","8.8","","0.0","","","","","","0.0","","","","32","","52",""
"-112.82","53.05","CAMROSE","3011240","2019-10-08","2019","10","08","","0.4","","-3.9","","-1.7","","19.7","","0.0","","","","","","0.0","","","","34","","46",""
"-112.82","53.05","CAMROSE","3011240","2019-10-09","2019","10","09","","1.1","","-5.9","","-2.4","","20.4","","0.0","","","","","","0.0","","","","","","",""
"-112.82","53.05","CAMROSE","3011240","2019-10-10","2019","10","10","","6.5","","-8.3","","-0.9","","18.9","","0.0","","","","","","0.0","","","","","","",""
"-112.82","53.05","CAMROSE","3011240","2019-10-11","2019","10","11","","9.5","","-7.9","","0.8","","17.2","","0.0","","","","","","0.0","","","","","","",""
"-112.82","53.05","CAMROSE","3011240","2019-10-12","2019","10","12","","11.6","","-5.6","","3.0","","15.0","","0.0","","","","","","0.0","","","","","","",""
"-112.82","53.05","CAMROSE","3011240","2019-10-13","2019","10","13","","8.8","","0.1","","4.5","","13.5","","0.0","","","","","","1.9","","","","","","",""
"-112.82","53.05","CAMROSE","3011240","2019-10-14","2019","10","14","","3.1","","0.1","","1.6","","16.4","","0.0","","","","","","9.2","","","","","","",""
"-112.82","53.05","CAMROSE","3011240","2019-10-15","2019","10","15","","4.5","","0.6","","2.5","","15.5","","0.0","","","","","","0.5","","1","","13","","49",""
"-112.82","53.05","CAMROSE","3011240","2019-10-16","2019","10","16","","15.3","","-3.0","","6.1","","11.9","","0.0","","","","","","0.2","","","","13","","34",""
"-112.82","53.05","CAMROSE","3011240","2019-10-17","2019","10","17","","12.7","","-0.5","","6.1","","11.9","","0.0","","","","","","0.0","","","","30","","32",""
"-112.82","53.05","CAMROSE","3011240","2019-10-18","2019","10","18","","13.2","","-4.8","","4.2","","13.8","","0.0","","","","","","0.0","","","","","","",""
"-112.82","53.05","CAMROSE","3011240","2019-10-19","2019","10","19","","9.4","","-4.1","","2.6","","15.4","","0.0","","","","","","0.0","","","","","","",""
"-112.82","53.05","CAMROSE","3011240","2019-10-20","2019","10","20","","7.4","","-3.7","","1.8","","16.2","","0.0","","","","","","0.0","","","","","","",""
"-112.82","53.05","CAMROSE","3011240","2019-10-21","2019","10","21","","8.7","","-5.5","","1.6","","16.4","","0.0","","","","","","0.0","","","","30","","34",""
"-112.82","53.05","CAMROSE","3011240","2019-10-22","2019","10","22","","6.0","","-5.5","","0.2","","17.8","","0.0","","","","","","2.7","","","","29","","44",""
"-112.82","53.05","CAMROSE","3011240","2019-10-23","2019","10","23","","4.8","","-2.2","","1.3","","16.7","","0.0","","","","","","0.2","","","","31","","48",""
"-112.82","53.05","CAMROSE","3011240","2019-10-24","2019","10","24","","13.4","","-0.6","","6.4","","11.6","","0.0","","","","","","0.0","","","","","","",""
"-112.82","53.05","CAMROSE","3011240","2019-10-25","2019","10","25","","19.1","","-0.2","","9.4","","8.6","","0.0","","","","","","0.0","","","","27","","100",""
"-112.82","53.05","CAMROSE","3011240","2019-10-26","2019","10","26","","1.0","","-8.3","","-3.7","","21.7","","0.0","","","","","","0.0","","","","33","","54",""
"-112.82","53.05","CAMROSE","3011240","2019-10-27","2019","10","27","","4.5","","-10.7","","-3.1","","21.1","","0.0","","","","","","0.3","","","","31","","57",""
"-112.82","53.05","CAMROSE","3011240","2019-10-28","2019","10","28","","-6.0","","-9.8","","-7.9","","25.9","","0.0","","","","","","0.2","","","","35","","54",""
"-112.82","53.05","CAMROSE","3011240","2019-10-29","2019","10","29","","-4.0","","-16.0","","-10.0","","28.0","","0.0","","","","","","0.2","","","","","","",""
"-112.82","53.05","CAMROSE","3011240","2019-10-30","2019","10","30","","5.7","","-13.6","","-4.0","","22.0","","0.0","","","","","","0.0","","13","","","","",""
"-112.82","53.05","CAMROSE","3011240","2019-10-31","2019","10","31","","5.2","","-2.0","","1.6","","16.4","","0.0","","","","","","0.0","","1","","31","","51",""
"-112.82","53.05","CAMROSE","3011240","2019-11-01","2019","11","01","","5.6","","-4.8","","0.4","","17.6","","0.0","","","","","","0.0","","0","","","","",""
"-112.82","53.05","CAMROSE","3011240","2019-11-02","2019","11","02","","7.1","","-0.9","","3.1","","14.9","","0.0","","","","","","0.0","","11","","","","",""
"-112.82","53.05","CAMROSE","3011240","2019-11-03","2019","11","03","","2.9","","-7.1","","-2.1","","20.1","","0.0","","","","","","0.0","","11","","32","","31",""
"-112.82","53.05","CAMROSE","3011240","2019-11-04","2019","11","04","","1.2","","-7.9","","-3.3","","21.3","","0.0","","","","","","0.0","","0","","","","",""
"-112.82","53.05","CAMROSE","3011240","2019-11-05","2019","11","05","","-1.1","","-16.1","","-8.6","","26.6","","0.0","","","","","","2.1","","1","","36","","45",""
"-112.82","53.05","CAMROSE","3011240","2019-11-06","2019","11","06","","-7.8","","-19.3","","-13.6","","31.6","","0.0","","","","","","0.2","","2","","20","","35",""
"-112.82","53.05","CAMROSE","3011240","2019-11-07","2019","11","07","","0.9","","-18.4","","-8.7","","26.7","","0.0","","","","","","0.0","","2","","","","",""
"-112.82","53.05","CAMROSE","3011240","2019-11-08","2019","11","08","","8.2","","-1.3","","3.4","","14.6","","0.0","","","","","","2.3","","","","","","",""
"-112.82","53.05","CAMROSE","3011240","2019-11-09","2019","11","09","","-1.3","","-12.3","","-6.8","","24.8","","0.0","","","","","","6.2","","4","","3","","38",""
"-112.82","53.05","CAMROSE","3011240","2019-11-10","2019","11","10","","-12.3","","-21.4","","-16.8","","34.8","","0.0","","","","","","0.9","","11","","","","",""
"-112.82","53.05","CAMROSE","3011240","2019-11-11","2019","11","11","","-8.2","","-22.8","","-15.5","","33.5","","0.0","","","","","","0.2","","10","","","","",""
"-112.82","53.05","CAMROSE","3011240","2019-11-12","2019","11","12","","1.6","","-12.3","","-5.4","","23.4","","0.0","","","","","","0.0","","9","","","","",""
"-112.82","53.05","CAMROSE","3011240","2019-11-13","2019","11","13","","6.6","","-2.1","","2.2","","15.8","","0.0","","","","","","0.0","","5","","","","",""
"-112.82","53.05","CAMROSE","3011240","2019-11-14","2019","11","14","","-1.0","","-7.7","","-4.3","","22.3","","0.0","","","","","","0.0","","4","","15","","31",""
"-112.82","53.05","CAMROSE","3011240","2019-11-15","2019","11","15","","2.8","","-4.9","","-1.0","","19.0","","0.0","","","","","","0.5","","4","","","","",""
"-112.82","53.05","CAMROSE","3011240","2019-11-16","2019","11","16","","4.3","","-0.2","","2.0","","16.0","","0.0","","","","","","0.0","","4","","30","","31",""
"-112.82","53.05","CAMROSE","3011240","2019-11-17","2019","11","17","","10.1","","-1.0","","4.5","","13.5","","0.0","","","","","","0.0","","3","","","","",""
"-112.82","53.05","CAMROSE","3011240","2019-11-18","2019","11","18","","7.0","","-2.8","","2.1","","15.9","","0.0","","","","","","0.0","","3","","31","","41",""
"-112.82","53.05","CAMROSE","3011240","2019-11-19","2019","11","19","","2.2","","-4.1","","-1.0","","19.0","","0.0","","","","","","1.8","","2","","","","",""
"-112.82","53.05","CAMROSE","3011240","2019-11-20","2019","11","20","","-1.1","","-9.4","","-5.2","","23.2","","0.0","","","","","","1.0","","4","","","","",""
"-112.82","53.05","CAMROSE","3011240","2019-11-21","2019","11","21","","3.1","","-10.1","","-3.5","","21.5","","0.0","","","","","","0.0","","4","","","","",""
"-112.82","53.05","CAMROSE","3011240","2019-11-22","2019","11","22","","6.5","","-8.1","","-0.8","","18.8","","0.0","","","","","","0.0","","4","","","","",""
"-112.82","53.05","CAMROSE","3011240","2019-11-23","2019","11","23","","9.0","","2.4","","5.7","","12.3","","0.0","","","","","","0.0","","3","","29","","31",""
"-112.82","53.05","CAMROSE","3011240","2019-11-24","2019","11","24","","3.8","","-1.2","","1.3","","16.7","","0.0","","","","","","0.0","","1","","30","","44",""
"-112.82","53.05","CAMROSE","3011240","2019-11-25","2019","11","25","","0.2","","-6.3","","-3.1","","21.1","","0.0","","","","","","0.0","","1","","30","","38",""
"-112.82","53.05","CAMROSE","3011240","2019-11-26","2019","11","26","","-5.2","","-13.4","","-9.3","","27.3","","0.0","","","","","","0.4","","1","","","","",""
"-112.82","53.05","CAMROSE","3011240","2019-11-27","2019","11","27","","-11.3","","-14.4","","-12.8","","30.8","","0.0","","","","","","0.4","","1","","","","",""
"-112.82","53.05","CAMROSE","3011240","2019-11-28","2019","11","28","","-7.3","","-16.0","","-11.7","","29.7","","0.0","","","","","","0.2","","1","","","","",""
"-112.82","53.05","CAMROSE","3011240","2019-11-29","2019","11","29","","-10.1","","-17.9","","-14.0","","32.0","","0.0","","","","","","0.2","","2","","","","",""
"-112.82","53.05","CAMROSE","3011240","2019-11-30","2019","11","30","","-11.8","","-18.5","","-15.1","","33.1","","0.0","","","","","","0.0","","4","","","","",""
"-112.82","53.05","CAMROSE","3011240","2019-12-01","2019","12","01","","-3.5","","-19.3","","-11.4","","29.4","","0.0","","","","","","0.2","","5","","","","",""
"-112.82","53.05","CAMROSE","3011240","2019-12-02","2019","12","02","","1.1","","-11.8","","-5.3","","23.3","","0.0","","","","","","0.0","","5","","26","","31",""
"-112.82","53.05","CAMROSE","3011240","2019-12-03","2019","12","03","","5.3","","-3.6","","0.8","","17.2","","0.0","","","","","","0.0","","4","","","","",""
"-112.82","53.05","CAMROSE","3011240","2019-12-04","2019","12","04","","0.4","","-4.9","","-2.2","","20.2","","0.0","","","","","","0.3","","3","","","","",""
"-112.82","53.05","CAMROSE","3011240","2019-12-05","2019","12","05","","-3.4","","-12.6","","-8.0","","26.0","","0.0","","","","","","0.2","","4","","","","",""
"-112.82","53.05","CAMROSE","3011240","2019-12-06","2019","12","06","","-2.4","","-12.5","","-7.5","","25.5","","0.0","","","","","","0.0","","4","","","","",""
"-112.82","53.05","CAMROSE","3011240","2019-12-07","2019","12","07","","-4.6","","-13.0","","-8.8","","26.8","","0.0","","","","","","0.7","","4","","","","",""
"-112.82","53.05","CAMROSE","3011240","2019-12-08","2019","12","08","","-5.2","","-15.9","","-10.5","","28.5","","0.0","","","","","","0.2","","5","","17","","31",""
"-112.82","53.05","CAMROSE","3011240","2019-12-09","2019","12","09","","-4.6","","-14.0","","-9.3","","27.3","","0.0","","","","","","0.0","","4","","35","","31",""
"-112.82","53.05","CAMROSE","3011240","2019-12-10","2019","12","10","","-7.8","","-14.6","","-11.2","","29.2","","0.0","","","","","","0.2","","5","","","","",""
"-112.82","53.05","CAMROSE","3011240","2019-12-11","2019","12","11","","-13.5","","-15.5","","-14.5","","32.5","","0.0","","","","","","2.1","","5","","","","",""
"-112.82","53.05","CAMROSE","3011240","2019-12-12","2019","12","12","","-12.3","","-16.3","","-14.3","","32.3","","0.0","","","","","","0.4","","8","","","","",""
"-112.82","53.05","CAMROSE","3011240","2019-12-13","2019","12","13","","-16.2","","-20.9","","-18.5","","36.5","","0.0","","","","","","1.5","","8","","","","",""
"-112.82","53.05","CAMROSE","3011240","2019-12-14","2019","12","14","","-5.0","","-18.9","","-12.0","","30.0","","0.0","","","","","","0.4","","12","","","","",""
"-112.82","53.05","CAMROSE","3011240","2019-12-15","2019","12","15","","-5.1","","-12.7","","-8.9","","26.9","","0.0","","","","","","0.0","","11","","","","",""
"-112.82","53.05","CAMROSE","3011240","2019-12-16","2019","12","16","","-5.8","","-13.0","","-9.4","","27.4","","0.0","","","","","","0.0","","11","","","","",""
"-112.82","53.05","CAMROSE","3011240","2019-12-17","2019","12","17","","4.3","","-11.6","","-3.6","","21.6","","0.0","","","","","","0.0","","11","","","","",""
"-112.82","53.05","CAMROSE","3011240","2019-12-18","2019","12","18","","3.8","","-12.0","","-4.1","","22.1","","0.0","","","","","","0.0","","10","","","","",""
"-112.82","53.05","CAMROSE","3011240","2019-12-19","2019","12","19","","-7.0","","-11.7","","-9.3","","27.3","","0.0","","","","","","0.0","","10","","","","",""
"-112.82","53.05","CAMROSE","3011240","2019-12-20","2019","12","20","","-4.5","","-11.6","","-8.1","","26.1","","0.0","","","","","","0.0","","10","","","","",""
"-112.82","53.05","CAMROSE","3011240","2019-12-21","2019","12","21","","-3.3","","-7.4","","-5.3","","23.3","","0.0","","","","","","1.0","","10","","","","",""
"-112.82","53.05","CAMROSE","3011240","2019-12-22","2019","12","22","","-4.2","","-15.2","","-9.7","","27.7","","0.0","","","","","","0.0","","13","","","","",""
"-112.82","53.05","CAMROSE","3011240","2019-12-23","2019","12","23","","-2.9","","-9.8","","-6.3","","24.3","","0.0","","","","","","2.1","","12","","","","",""
"-112.82","53.05","CAMROSE","3011240","2019-12-24","2019","12","24","","-3.7","","-14.9","","-9.3","","27.3","","0.0","","","","","","0.2","","14","","","","",""
"-112.82","53.05","CAMROSE","3011240","2019-12-25","2019","12","25","","-6.0","","-14.0","","-10.0","","28.0","","0.0","","","","","","0.2","","14","","","","",""
"-112.82","53.05","CAMROSE","3011240","2019-12-26","2019","12","26","","-6.8","","-22.2","","-14.5","","32.5","","0.0","","","","","","0.0","","14","","","","",""
"-112.82","53.05","CAMROSE","3011240","2019-12-27","2019","12","27","","-2.3","","-20.8","","-11.6","","29.6","","0.0","","","","","","0.0","","14","","","","",""
"-112.82","53.05","CAMROSE","3011240","2019-12-28","2019","12","28","","-4.0","","-18.3","","-11.2","","29.2","","0.0","","","","","","0.0","","14","","","","",""
"-112.82","53.05","CAMROSE","3011240","2019-12-29","2019","12","29","","-1.2","","-15.8","","-8.5","","26.5","","0.0","","","","","","0.0","","14","","","","",""
"-112.82","53.05","CAMROSE","3011240","2019-12-30","2019","12","30","","-4.8","","-17.2","","-11.0","","29.0","","0.0","","","","","","0.0","","14","","","","",""
"-112.82","53.05","CAMROSE","3011240","2019-12-31","2019","12","31","","4.5","","-10.8","","-3.2","","21.2","","0.0","","","","","","0.0","","14","","","","",""
